-- =========================================
-- Qook 신선식품 챗봇: 병합 정규화 SQL (seed + new)
-- =========================================

USE qook_chatbot;

-- --------------------------
-- 사용자 정보
-- --------------------------
INSERT INTO userinfo_tbl (user_id, name, birth_date, email, phone_num, address, post_num) VALUES
('user001', '김신선', '1990-05-15', 'shinsun@email.com', '010-1234-5678', '서울시 강남구 테헤란로 123', '06142'),
('user002', '박건강', '1985-08-20', 'healthy@email.com', '010-2345-6789', '서울시 서초구 서초대로 456', '06651'),
('user003', '이맛있', '1992-12-03', 'delicious@email.com', '010-3456-7890', '부산시 해운대구 해운대로 789', '48094'),
('user004', '최영양', '1988-03-10', 'nutrition@email.com', '010-4567-8901', '대구시 중구 중앙대로 101', '41911'),
('user005', '정유기', '1995-07-25', 'organic@email.com', '010-5678-9012', '인천시 남동구 인주대로 202', '21556'),
('anonymous', '익명사용자', '2000-01-01', 'anonymous@qook.com', '000-0000-0000', '기본주소', '00000');

-- --------------------------
-- 사용자 상세
-- --------------------------
INSERT INTO user_detail_tbl (user_id, gender, age, allergy, vegan, house_hold, unfavorite, membership) VALUES
('user001', 'F', 34, '견과류', 0, 3, '매운음식', 'premium'),
('user002', 'M', 39, NULL, 1, 2, '생선', 'basic'),
('user003', 'F', 32, '복숭아', 0, 4, NULL, 'premium'),
('user004', 'M', 36, NULL, 0, 1, '버섯', 'basic'),
('user005', 'F', 29, '유제품', 1, 2, '육류', 'gold'),
('anonymous', 'M', 25, NULL, 0, 1, NULL, 'basic');

-- --------------------------
-- 카테고리 정의
-- --------------------------
INSERT INTO category_definition_tbl (category_id, category_name) VALUES
(1, '과일'),
(2, '채소'),
(3, '곡물/견과류'),
(4, '육류/수산'),
(5, '유제품'),
(6, '냉동식품'),
(7, '조미료/소스'),
(8, '음료'),
(9, '베이커리'),
(10, '기타');

-- --------------------------
-- 카테고리 상세
-- --------------------------
INSERT INTO category_tbl (item, category_id) VALUES
('사과', 1), ('바나나', 1), ('오렌지', 1), ('딸기', 1), ('포도', 1),
('배', 1), ('레몬', 1), ('키위', 1), ('멜론', 1), ('수박', 1),
('복숭아', 1), ('자두', 1), ('체리', 1), ('망고', 1), ('파인애플', 1),
('양상추', 2), ('상추', 2), ('깻잎', 2), ('시금치', 2), ('케일', 2), ('무', 2),
('대파', 2), ('마늘', 2), ('생강', 2), ('오이', 2), ('호박', 2),
('가지', 2), ('피망', 2), ('고추', 2), ('감자', 2), ('고구마', 2), ('당근', 2),
('콩나물', 2), ('브로콜리', 2), ('양파', 2), ('토마토', 2), ('배추', 2),
('아몬드', 3), ('호두', 3), ('땅콩', 3), ('잣', 3), ('현미', 3),
('귀리', 3), ('퀴노아', 3), ('쌀', 3), ('팥', 3), ('콩', 3), ('보리', 3),
('돼지고기', 4), ('닭고기', 4), ('연어', 4), ('소고기', 4), ('참치', 4),
('새우', 4), ('오징어', 4), ('갈치', 4), ('고등어', 4),
('조개', 4), ('전복', 4), ('문어', 4), ('황태', 4), ('명태', 4),
('우유', 5), ('요거트', 5), ('치즈', 5), ('버터', 5), ('두유', 5),
('냉동만두', 6), ('냉동피자', 6), ('냉동베리', 6), ('냉동브로콜리', 6),
('간장', 7), ('된장', 7), ('고추장', 7), ('참기름', 7), ('올리브오일', 7),
('생수', 8), ('주스', 8), ('차', 8),
('식빵', 9), ('베이글', 9),
('두부', 10), ('달걀', 10), ('김', 10),
('액젓', 7), ('꽃게', 4), ('케이크', 9), ('크로와상', 9), ('통밀빵', 9), ('요구르트', 5),
('기타빵', 9), ('삼치', 4), ('젓갈', 7), ('양배추', 2), ('루꼴라', 2), ('연유', 5),
('휘핑크림', 5), ('생크림', 5), ('밀가루', 10), ('튀김가루', 10), ('부침가루', 10), ('쌀가루', 10),
('떡', 10), ('어묵', 10), ('햄', 10), ('쌈장', 7), ('들기름', 7), ('꿀', 7), ('소금', 7), ('설탕', 7),
('후추', 7), ('고춧가루', 7), ('냉동양배추', 6), ('파스타', 10), ('닭발', 4), ('로즈마리', 2), ('페스토', 7),
('쨈', 7), ('미역', 10), ('다시마', 10), ('바질', 2), ('부추', 2), ('김치', 10), ('올리고당', 7), ('식용유', 7),
('참외', 1), ('귤', 1), ('홍시', 1), ('연근', 2), ('양고기', 4), ('순대', 10), ('원두', 10), ('밥', 3), ('녹차', 8), 
('베이컨', 4), ('미나리', 2), ('육회', 4), ('참소스', 7), ('가리비', 4), ('맛살', 10), ('월계수잎', 7), ('식초', 7), ('피클', 10),
('면', 10), ('옥수수', 2), ('아보카도', 2), ('낙지', 4), ('케찹', 7), ('마요네즈', 7), ('머스타드', 7), ('고구마줄기', 2), ('당면', 10),
('탄산음료', 8);

-- --------------------------
-- 상품 정보 (seed + new 정규화)
-- --------------------------
INSERT INTO product_tbl (product, item, organic, unit_price, origin, cart_add_count) VALUES
('유기농 사과 1kg', '사과', 'Y', '3000', '국내산', 45),
('사과 1kg', '사과', 'N', '2500', '국내산', 38),
('바나나 1.2kg', '바나나', 'N', '2500', '필리핀산', 67),
('오렌지 2kg 봉', '오렌지', 'N', '4000', '미국산', 32),
('딸기 500g 1팩', '딸기', 'N', '8000', '국내산', 29),
('유기농 딸기 500g 1팩', '딸기', 'Y', '15000', '국내산', 29),
('포도 1kg', '포도', 'N', '6000', '국내산', 25),
('양상추 200g 1봉', '양상추', 'N', '2000', '국내산', 22),
('유기농 당근 1kg', '당근', 'Y', '1800', '국내산', 41),
('당근 1kg', '당근', 'N', '1500', '국내산', 35),
('브로콜리 400g 1송이', '브로콜리', 'N', '3500', '국내산', 28),
('토마토 1kg', '토마토', 'N', '2200', '국내산', 32),
('쌀 10kg', '쌀', 'N', '45000', '국내산', 33),
('현미 5kg', '현미', 'N', '50000', '국내산', 28),
('귀리 1kg', '귀리', 'N', '12000', '캐나다산', 22),
('참치 200g', '참치', 'N', '15000', '국내산', 29),
('새우 300g', '새우', 'N', '20000', '국내산', 29),
('소고기 500g', '소고기', 'N', '35000', '국내산', 25),
('우유 1L', '우유', 'N', '3000', '국내산', 22),
('플레인 요거트 500ml', '요거트', 'N', '4000', '덴마크산', 22),
('크림치즈 200g', '치즈', 'N', '12000', '네덜란드산', 22),
('달걀 30입', '달걀', 'N', '6000', '국내산', 29),
('햇 홍로사과 1.3kg 봉', '사과', 'N', '5900', '국내산', 45),
('꿀 부사사과 2kg 봉', '사과', 'N', '7800', '국내산', 38),
('필리핀산 스위티오 바나나 1.2kg', '바나나', 'N', '3500', '필리핀산', 67),
('유기농 바나나 1kg', '바나나', 'Y', '4800', '에콰도르산', 29),
('미국산 허니듀 멜론 1.8kg', '멜론', 'N', '8900', '미국산', 23),
('샤인머스켓 포도 1kg', '포도', 'N', '15800', '국내산', 34),
('제주 한라봉 1.5kg 봉', '오렌지', 'Y', '9800', '국내산', 41),
('배 3kg 봉 (6-8입)', '배', 'N', '11900', '국내산', 27),
('칠레산 체리 500g', '체리', 'N', '18900', '칠레산', 19),
('캘리포니아 오렌지 2kg 봉', '오렌지', 'N', '6800', '미국산', 33),
('성주 참외 1kg', '멜론', 'Y', '7500', '국내산', 28),
('제주 골드키위 1kg (10-12입)', '키위', 'N', '8900', '국내산', 31),
('레몬 500g', '레몬', 'Y', '7800', '국내산', 22),
('태국산 망고 2입', '망고', 'N', '9800', '태국산', 25),
('청송사과 2kg 봉', '사과', 'Y', '8900', '국내산', 36),
('미국산 자몽 4입', '오렌지', 'N', '5900', '미국산', 18),
('햇 복숭아 1.5kg', '복숭아', 'N', '9800', '국내산', 24),
('필리핀산 파인애플 1입', '파인애플', 'N', '4800', '필리핀산', 26),
('일본산 청포도 500g', '포도', 'N', '12800', '일본산', 15),
('친환경 로메인 상추 200g', '상추', 'Y', '2800', '국내산', 52),
('시금치 200g 1봉', '시금치', 'Y', '1800', '국내산', 48),
('케일 150g', '케일', 'Y', '3200', '국내산', 31),
('제주 브로콜리 400g 1송이', '브로콜리', 'Y', '2500', '국내산', 44),
('햇 당근 1kg', '당근', 'Y', '2200', '국내산', 39),
('무 1.5kg 1입', '무', 'N', '2800', '국내산', 35),
('절단 무 250g (2입)', '무', 'N', '1500', '국내산', 58),
('양파 2kg 봉', '양파', 'N', '3200', '국내산', 73),
('대파 500g 1봉', '대파', 'Y', '3800', '국내산', 41),
('마늘 500g', '마늘', 'N', '8900', '국내산', 32),
('생강 200g', '생강', 'N', '4500', '국내산', 27),
('완숙 토마토 1kg (4-6입)', '토마토', 'N', '5800', '국내산', 49),
('대추방울토마토 500g', '토마토', 'Y', '3800', '국내산', 36),
('오이 3입', '오이', 'N', '2800', '국내산', 43),
('애호박 500g 1봉', '호박', 'N', '2200', '국내산', 38),
('가지 300g 1봉', '가지', 'Y', '2500', '국내산', 29),
('빨강 파프리카 200g 3입', '피망', 'Y', '4800', '국내산', 24),
('청양고추 100g 1봉', '고추', 'N', '2800', '국내산', 33),
('감자 2kg 봉', '감자', 'N', '4500', '국내산', 56),
('햇 고구마 1.5kg', '고구마', 'Y', '3800', '국내산', 42),
('콩나물 300g 1봉', '콩나물', 'N', '1200', '국내산', 67),
('숙주 숙주나물 200g', '콩나물', 'N', '1500', '국내산', 45),
('깻잎 30장', '깻잎', 'N', '2800', '국내산', 38),
('청경채 300g', '상추', 'N', '2200', '국내산', 31),
('부추 200g', '부추', 'N', '2500', '국내산', 29),
('배추 1포기', '배추', 'N', '3500', '국내산', 51),
('혼합 쌈채소 150g', '상추', 'Y', '3800', '국내산', 34),
('치커리 150g', '상추', 'N', '2800', '국내산', 22),
('적상추 150g', '상추', 'N', '2500', '국내산', 28),
('이천쌀 10kg', '쌀', 'N', '45000', '국내산', 18),
('햇곡 현미 5kg', '현미', 'N', '28000', '국내산', 12),
('유기농 귀리 1kg', '귀리', 'Y', '8900', '캐나다산', 15),
('퀴노아 500g', '퀴노아', 'N', '12800', '페루산', 9),
('무염 생 아몬드 500g', '아몬드', 'N', '9800', '미국산', 22),
('생 호두 300g', '호두', 'N', '15800', '국내산', 14),
('볶음 땅콩 400g', '땅콩', 'N', '5800', '중국산', 19),
('잣 200g', '잣', 'N', '24800', '국내산', 8),
('오곡 혼합곡 1kg', '쌀', 'N', '8900', '국내산', 13),
('검은쌀 흑미 1kg', '쌀', 'N', '12000', '국내산', 11),
('보리 1kg', '보리', 'N', '5800', '국내산', 10),
('콩 서리태 500g', '콩', 'N', '8900', '국내산', 9),
('팥 500g', '팥', 'N', '7800', '국내산', 8),
('렌틸콩 500g', '콩', 'N', '6800', '캐나다산', 7),
('한우 등심 300g', '소고기', 'N', '28000', '국내산', 32),
('돼지 삼겹살 500g', '돼지고기', 'N', '8900', '국내산', 45),
('닭가슴살 1kg', '닭고기', 'N', '7800', '국내산', 38),
('연어 300g', '연어', 'N', '12800', '노르웨이산', 29),
('참치 참다랑어 사시미용 200g', '참치', 'N', '15800', '국내산', 18),
('새우 흰다리새우 300g', '새우', 'N', '9800', '베트남산', 33),
('오징어 1마리', '오징어', 'N', '5800', '국내산', 25),
('명태 냉동 명태 2마리', '명태', 'N', '8900', '러시아산', 22),
('갈치 1마리', '갈치', 'N', '12800', '국내산', 19),
('고등어 2마리', '고등어', 'N', '6800', '국내산', 27),
('조개 바지락 500g', '조개', 'N', '4800', '국내산', 31),
('전복 5입', '전복', 'N', '18900', '국내산', 15),
('문어 300g', '문어', 'N', '9800', '국내산', 20),
('황태 황태채 200g', '황태', 'N', '12800', '국내산', 12),
('소갈비 500g', '소고기', 'N', '22800', '국내산', 24),
('서울우유 저지방 우유 1L', '우유', 'N', '2800', '국내산', 89),
('매일 플레인 요거트 500ml', '요거트', 'N', '3200', '국내산', 56),
('덴마크 크림치즈 200g', '치즈', 'N', '4800', '덴마크산', 31),
('서울우유 무염버터 200g', '버터', 'N', '5800', '국내산', 24),
('풀무원 달걀 30입', '달걀', 'N', '8900', '국내산', 67),
('정식품 베지밀 두유 1L', '두유', 'N', '3800', '국내산', 43),
('남양 고칼슘 우유 1L', '우유', 'N', '3200', '국내산', 52),
('그리스 플레인 요거트 450g', '요거트', 'N', '5800', '그리스산', 28),
('CJ 비비고 왕교자 1kg', '냉동만두', 'N', '8900', '국내산', 78),
('오뚜기 냉동 불고기피자 380g', '냉동피자', 'N', '4800', '국내산', 45),
('냉동 혼합베리 500g', '냉동베리', 'N', '6800', '폴란드산', 32),
('냉동 브로콜리 500g', '냉동브로콜리', 'N', '3800', '중국산', 28),
('샘표 조선 간장 500ml', '간장', 'N', '3800', '국내산', 41),
('해찬들 된장 500g', '된장', 'N', '4800', '국내산', 35),
('오뚜기 맛있는 참기름 320ml', '참기름', 'N', '8900', '국내산', 29),
('제주삼다수 생수 2L 6입', '생수', 'N', '4800', '국내산', 73),
('델몬트 오렌지주스 1L', '주스', 'N', '3800', '미국산', 42),
('파리바게뜨 식빵 460g', '식빵', 'N', '2800', '국내산', 15),
('매일우유 오리지널 우유 1.5L', '우유', 'N', '5000', '국내산', 150),
('상하목장 유기농 저지방 우유 900mL', '우유', 'Y', '4900', '국내산', 120),
('상하목장 유기농 그릭요거트 무가당 플레인 400g', '요거트', 'Y', '5450', '국내산', 130),
('파예 플레이버 무지방 요거트 딸기 150g', '요거트', 'N', '1200', '그리스산', 110),
('파예 플레이버 무지방 요거트 허니 150g', '요거트', 'N', '1200', '그리스산', 110),
('파예 플레이버 무지방 요거트 블루베리 150g', '요거트', 'N', '1200', '그리스산', 110),
('파예 플레이버 무지방 요거트 라즈베리&석류 150g', '요거트', 'N', '1200', '그리스산', 110),
('상하목장 유기농 우유 900mL', '우유', 'Y', '4990', '국내산', 145),
('유기농 요거트 400g', '요거트', 'Y', '5500', '국내산', 35),
('서울우유 나 100% 우유 1.8L', '우유', 'N', '5980', '국내산', 80),
('서울우유 유기농우유 700mL', '우유', 'Y', '4780', '국내산', 65),
('그릭데이 아시아볼 그릭요거트 100g', '요거트', 'N', '3800', '국내산', 75),
('매일 바이오 그릭 요거트 플레인 400g', '요거트', 'N', '4200', '국내산', 50),
('요플레 후르츠 플레이버 복숭아 85ml', '요거트', 'N', '800', '국내산', 50),
('요플레 후르츠 플레이버 오리지널 딸기 85ml', '요거트', 'N', '800', '국내산', 50),
('매일 소화가 잘되는 우유 903mL', '우유', 'N', '3800', '국내산', 50),
('서울우유 삼각 커피 우유 4개', '우유', 'N', '4500', '국내산', 50),
('서울우유 초코우유 200mL', '우유', 'N', '1190', '국내산', 50),
('서울우유 딸기우유 200mL', '우유', 'N', '1190', '국내산', 50),
('서울우유 저지방우유 200mL', '우유', 'N', '1190', '국내산', 50),
('빙그레 바나나맛 우유 240mL', '우유', 'N', '1400', '국내산', 50),
('범산우유 유기농 우유 200mL', '우유', 'N', '1900', '국내산', 50),
('파스퇴르 무항생제 인증 바른목장 우유 2.3L', '우유', 'N', '9980', '국내산', 50),
('서울우유 요구르트 오리지널 750mL', '요구르트', 'N', '1980', '국내산', 50),
('폴스 호주산 우유 24개', '우유', 'N', '34880', '호주산', 50),
('상하목장 마시는 유기농 요구르트 5개', '요구르트', 'Y', '2680', '국내산', 50),
('덴마트 하이요구르트 10개', '요구르트', 'N', '3480', '국내산', 50),
('덴마트 하이요구르트 750mL', '요구르트', 'N', '2680', '국내산', 50),
('서울우유 짜먹은 요구르트 짜요짜요 포도맛 1박스', '요구르트', 'N', '2460', '국내산', 50),
('서울우유 짜먹은 요구르트 짜요짜요 딸기맛 1박스', '요구르트', 'N', '2460', '국내산', 50),
('파리바게뜨 롤케이크', '케이크', 'N', '15000', '국내산', 33),
('밀도 로얄저지우유식빵 480g', '식빵', 'N', '4950', '국내산', 80),
('아르토스베이커리 통밀 식빵 330g', '식빵', 'N', '4000', '국내산', 65),
('레세뜨물랑 텐더 크로와상 생지 1봉', '크로와상', 'N', '8800', '프랑스', 40),
('아티제 크로와상 5개', '크로와상', 'N', '2000', '국내산', 40),
('런던베이글뮤지엄 베이글 6개', '베이글', 'N', '27900', '국내산', 55),
('블랑제리코팡 바게트 280g', '기타빵', 'N', '5200', '국내산', 45),
('도제식빵 촉촉한 생식빵 1봉', '식빵', 'N', '6900', '국내산', 120),
('아티제 식빵의 정석 450g', '식빵', 'N', '4000', '국내산', 90),
('국내산 베이글 1봉', '베이글', 'N', '5000', '국내산', 80),
('신라명과 쫄깃한 생우유식빵 390g', '식빵', 'N', '3600', '국내산', 130),
('교토마블 데니쉬 식빵 1봉', '식빵', 'N', '7900', '국내산', 130),
('도제식빵 탕종 베이글 1개', '베이글', 'N', '3000', '국내산', 120),
('우드앤브릭 독일 식사빵 400g', '통밀빵', 'N', '8900', '국내산', 130),
('근대골목단팥빵 단팥빵 5개', '기타빵', 'N', '12500', '국내산', 120),
('뚜레쥬르 식빵 1봉', '식빵', 'N', '2500', '국내산', 150),
('코스트코 블루베리 베이글 1봉', '베이글', 'N', '5000', '국내산', 140),
('베이글리스트 무화과크림치즈베이글 4개', '베이글', 'N', '12000', '국내산', 140),
('베이글리스트 프레첼베이글 4개', '베이글', 'N', '12000', '국내산', 140),
('오베이글 쌀로 만든 담백한 베이글 1개', '베이글', 'N', '2920', '국내산', 140),
('훕훕베이글 유기농 베이글 1개', '베이글', 'Y', '2900', '국내산', 140),
('삽립 냉동 베이글 3개', '베이글', 'N', '5380', '국내산', 140),
('브로드카세 저당 통밀브레드 1봉', '통밀빵', 'N', '9800', '국내산', 140),
('더벨로 무화과 통밀빵 1개', '통밀빵', 'N', '4600', '국내산', 140),
('신라명과 호밀빵 430g', '통밀빵', 'N', '5900', '국내산', 140),
('브로드카세 아몬드 크렌베리 깜바뉴 240g', '통밀빵', 'N', '6800', '국내산', 140),
('감자밭 감자빵 오리지널 5개', '기타빵', 'N', '15300', '국내산', 140),
('삽립 포켓몬빵 1개', '기타빵', 'N', '1500', '국내산', 140),
('리치 플렛브래드 450g', '기타빵', 'N', '6900', '국내산', 140),
('나폴레옹 소금빵 1개', '기타빵', 'N', '3200', '국내산', 140),
('속초식 막걸리 술빵 1개', '기타빵', 'N', '4800', '국내산', 140),
('아우어베이커리 바스크치즈케이크 1개', '케이크', 'N', '9500', '국내산', 140),
('오셜록 그린티 롤케이크 화이트 1개', '케이크', 'N', '21000', '국내산', 140),
('아티제 초코롤케이크 1개', '케이크', 'N', '21000', '국내산', 140),
('조선델리 조선호텔 로맨틱블라썸 케이크 1개', '케이크', 'N', '42000', '국내산', 140),
('노지 햇감자 1kg', '감자', 'N', '4500', '국내산', 51),
('유기농 햇감자 1kg', '감자', 'Y', '5200', '국내산', 32),
('국내산 감자 3kg', '감자', 'N', '8000', '국내산', 90),
('친환경 깐감자 300g', '감자', 'Y', '5200', '국내산', 90),
('강원도 고랭지 감자 1kg', '감자', 'N', '3500', '국내산', 90),
('유기농 다진 감자 100g', '감자', 'N', '3000', '국내산', 110),
('햇 밤고구마 1kg', '고구마', 'N', '4800', '국내산', 55),
('유기농 호박고구마 1.2kg', '고구마', 'Y', '6500', '국내산', 48),
('국내산 고구마 1kg', '고구마', 'N', '4000', '국내산', 110),
('국내산 자색고구마 1kg', '고구마', 'N', '6200', '국내산', 43),
('유기농 달수 고구마 800g', '고구마', 'Y', '6500', '국내산', 43),
('청정원 맛선생 참치액 950g', '액젓', 'N', '7500', '국내산', 15),
('청정원 맛선생 꽃게액 950g', '액젓', 'N', '7500', '국내산', 15),
('하선정 멸치액젓 800g', '액젓', 'N', '5980', '국내산', 15),
('하선정 까나리액젓 800g', '액젓', 'N', '5980', '국내산', 15),
('청정원 까나리액젓 250g', '액젓', 'N', '1400', '국내산', 15),
('톱밥 꽃게 2kg', '꽃게', 'N', '19900', '국내산', 12),
('톱밥 꽃게 5kg', '꽃게', 'N', '45000', '국내산', 12),
('냉동 꽃게 2kg', '꽃게', 'N', '15900', '국내산', 12),
('국산 손질 꽃게 냉동 1.5kg', '꽃게', 'N', '12900', '국내산', 12),
('노르웨이산 고등어 2마리', '고등어', 'N', '7800', '노르웨이산', 68),
('고등어 통조림 2개', '고등어', 'N', '6500', '국내산', 62),
('고등어 순살 300g', '고등어', 'N', '9500', '국내산', 45),
('비비고 노릇하게 구운 고등어 구이 60g', '고등어', 'N', '3000', '국내산', 45),
('제주창해 대삼치 450g', '삼치', 'N', '9900', '국내산', 45),
('대흥 간편하게 손질된 모리타니아산 데친 문어 250g', '문어', 'N', '9900', '모리타니아산', 45),
('긴편한 손질 오징어채 300g', '오징어', 'N', '8900', '국내산', 45),
('만선 갑오징어 500g', '오징어', 'N', '17000', '국내산', 45),
('동광젓갈 웰빙오징어젓 160g', '젓갈', 'N', '7000', '국내산', 45),
('동광젓갈 새우젓 160g', '젓갈', 'N', '5200', '국내산', 45),
('동광젓갈 한성 국내 새우젓갈 1kg', '젓갈', 'N', '13900', '국내산', 45),
('맛의명태자 냉장 명란 120g', '젓갈', 'N', '8070', '국내산', 45),
('한통 양배추 900g', '양배추', 'N', '4990', '국내산', 45),
('조각 양배추 500g', '양배추', 'N', '3490', '국내산', 45),
('친환경 조각 양배추 400g', '양배추', 'Y', '3790', '국내산', 45),
('적양배추 900g', '양배추', 'N', '4990', '국내산', 45),
('적양배추 450g', '양배추', 'N', '2800', '국내산', 45),
('냉동 방울양배추 1kg', '냉동양배추', 'N', '7990', '국내산', 45),
('유기농 다진 적양배추 100g', '양배추', 'Y', '3090', '국내산', 45),
('팜웨이트 친환경 유러피언샐러드 130g', '상추', 'Y', '4890', '국내산', 45),
('싱그러운 유러피안 샐러드 믹스 150g', '상추', 'N', '4990', '국내산', 45),
('포기로메인 300g', '상추', 'N', '5490', '국내산', 45),
('친환경 와일드 루꼴라 80g', '루꼴라', 'Y', '4490', '국내산', 45),
('와일드 루꼴라 200g', '루꼴라', 'Y', '7990', '국내산', 45),
('버터헤드 3입', '루꼴라', 'N', '5990', '국내산', 45),
('미니단호박 550g', '호박', 'N', '4990', '국내산', 45),
('친환경 미니 밤호박 2개', '호박', 'Y', '3990', '국내산', 45),
('친환경 간편단호박 400g', '호박', 'Y', '4990', '국내산', 45),
('서울우유 국산우유로 만든 연유 500g', '연유', 'N', '5680', '국내산', 45),
('매일 연유 120g', '연유', 'N', '2500', '국내산', 45),
('서울우유 휘핑크림 200mL', '휘핑크림', 'N', '3400', '국내산', 45),
('MEGGLE 스프레이 휘핑크림 250g', '휘핑크림', 'N', '3400', '국내산', 45),
('덴마크 생크림 500mL', '생크림', 'N', '6980', '국내산', 45),
('서울우유 생크림 500mL', '생크림', 'N', '7100', '국내산', 45),
('오뚜기 부침가루 1kg', '부침가루', 'N', '3400', '국내산', 45),
('곰표 나트륨을 줄인 부침가루 500g', '부침가루', 'N', '1790', '국내산', 45),
('농협 국산100% 쌀부침가루 450g', '부침가루', 'N', '3980', '국내산', 45),
('오뚜기 튀김가루 1kg', '튀김가루', 'N', '3400', '국내산', 45),
('농협 국산100% 쌀튀김가루 450g', '부침가루', 'N', '3980', '국내산', 45),
('청오건강 유기농 쌀가루 350g', '쌀가루', 'Y', '3980', '국내산', 45),
('성진 쌀가루 500g', '쌀가루', 'N', '3980', '국내산', 45),
('칠갑농산 우리쌀 떡국떡 800g', '떡', 'N', '6300', '국내산', 45),
('풀무원 우리쌀 떡국떡 700g', '떡', 'N', '6980', '국내산', 45),
('오마뎅 우리쌀 가래떡 480g', '떡', 'N', '4410', '국내산', 45),
('풀무원 순쌀 떡볶이떡 400g', '떡', 'N', '4410', '국내산', 45),
('칠갑농산 우리쌀 조랭이떡 500g', '떡', 'N', '2520', '국내산', 45),
('떡찌니 우리쌀 유기농 떡국떡 500g', '떡', 'Y', '6200', '국내산', 45),
('삼호 부산어묵 240g', '어묵', 'N', '1700', '국내산', 45),
('고래사 가정용 꼬치어묵 296g', '어묵', 'N', '5440', '국내산', 45),
('더건강한 샌드위치 햄 90g', '햄', 'N', '2580', '국내산', 45),
('더건강한 그릴 김밥햄 2팩', '햄', 'N', '6000', '국내산', 45),
('롯데햄 의성마늘햄 4개', '햄', 'N', '7480', '국내산', 45),
('풀무원 한끼 연두부 2개', '두부', 'N', '2780', '국내산', 45),
('풀무원 유기농 콩 100% 연두부 2개', '두부', 'Y', '2790', '국내산', 45),
('풀무원 특등급 국산콩 순두부 350g', '두부', 'N', '2000', '국내산', 45),
('풀무원 튜브형 쌈장 360g', '쌈장', 'N', '4490', '국내산', 45),
('해찬뜰 사계절 쌈장 500g', '쌈장', 'N', '4480', '국내산', 45),
('청정원 순창 고기전용 쌈장 1개', '쌈장', 'N', '2920', '국내산', 45),
('해표 참진한 들기름 320mL', '들기름', 'N', '8580', '국내산', 45),
('백설 100% 통들깨 들기름 320mL', '들기름', 'N', '15380', '국내산', 45),
('오뚜기 향긋한 들기름 320mL', '들기름', 'N', '16700', '국내산', 45),
('올리 아카시아꿀 500g', '꿀', 'N', '23200', '국내산', 45),
('제주벌꿀영농조합법인 제주 벌꿀 1팩', '꿀', 'N', '6580', '국내산', 45),
('청정원 햇살담은 두번달인 진간장 840mL', '간장', 'N', '4090', '국내산', 45),
('샘표 양조간장 840mL', '간장', 'N', '8850', '국내산', 45),
('청정원 햇살담은 국간장 840mL', '간장', 'N', '4080', '국내산', 45),
('미원 맛소금 95g', '소금', 'N', '2280', '국내산', 45),
('사비니 트러플소금 30g', '소금', 'N', '13900', '이탈리아산', 45),
('백설 명품 천일염 오천년의 비밀 소금 500g', '소금', 'N', '4280', '국내산', 45),
('오뚜기 순후추 50g', '후추', 'N', '4280', '외국산', 45),
('백설 하얀설탕 400g', '설탕', 'N', '1880', '외국산', 45),
('백설 갈색설탕 400g', '설탕', 'N', '2880', '외국산', 45),
('우리농 유기농설탕 1kg', '설탕', 'Y', '4890', '아르헨티나산', 45),
('햇님마을 고춧가루 1통', '고춧가루', 'N', '6900', '국내산', 45),
('햇님마을 청양고춧가루 1통', '고춧가루', 'N', '8890', '국내산', 45),
('폰타나 이탈리아 정통 파스타면 푸실리 500g', '파스타', 'N', '2080', '국내산', 45),
('폰타나 이탈리아 정통 파스타면 페투치네 500g', '파스타', 'N', '2080', '국내산', 45),
('펠리체티 유기농 파스타면 500g', '파스타', 'Y', '4100', '이탈리아산', 45),
('언니네 닭 국내산 냉동 닭발 1kg', '닭발', 'N', '7500', '국내산', 45),
('로즈마리 10g', '로즈마리', 'N', '1990', '국내산', 45),
('유기농 로즈마리 10g', '로즈마리', 'Y', '2490', '국내산', 45),
('바질 10g', '바질', 'N', '2490', '국내산', 45),
('친환경 베이비 바질 10g', '바질', 'Y', '1990', '국내산', 45),
('위크위크서울 바질페스토 100g', '페스토', 'N', '13900', '국내산', 45),
('위크위크서울 트러플명란페스토 100g', '페스토', 'N', '14000', '국내산', 45),
('복음자리 딸기잼 500g', '쨈', 'N', '8900', '국내산', 45),
('복음자리 무농약 딸기로 만든 잼 500g', '쨈', 'Y', '9200', '국내산', 45),
('프레지덩 프랑스 버터 200g', '버터', 'N', '6480', '프랑스산', 45),
('이즈닝 유기농 버터 200g', '버터', 'N', '8900', '프랑스산', 45),
('한돈 앞다리 찌개용 600g', '돼지고기', 'N', '8900', '국내산', 45),
('한돈 목살 구이용 600g', '돼지고기', 'N', '16940', '국내산', 45),
('무항생제 1등급 요리용 한돈 300g', '돼지고기', 'N', '5500', '국내산', 45),
('무항생제 1등급 한돈 등심 300g', '돼지고기', 'N', '6900', '국내산', 45),
('미국산 돼지고기 목살 구이용 1kg', '돼지고기', 'N', '14990', '국내산', 45),
('일상소 국내산 소고기 등심 스테이크 구이 200g', '소고기', 'N', '12000', '국내산', 45),
('이목 국내산 소고기 절단 국거리용 200g', '소고기', 'N', '7990', '국내산', 45),
('한우 국거리용 300g', '소고기', 'N', '16400', '국내산', 45),
('호주산 소고기 샤브샤브용 500g', '소고기', 'N', '8800', '호주산', 45),
('국내산 깐마늘 200g', '마늘', 'N', '3490', '국내산', 45),
('국내산 냉동 다진마늘 300g', '마늘', 'N', '6990', '국내산', 45),
('기장물산 유기인증 자른미역 25g', '미역', 'N', '2500', '국내산', 45),
('자른미역 30g', '미역', 'N', '2250', '국내산', 45),
('기장미역 80g', '미역', 'N', '4500', '국내산', 45),
('기장다시마 100g', '다시마', 'N', '3990', '국내산', 45),
('피코크 조선호텔 배추김치 4kg', '김치', 'N', '42000', '국내산', 45),
('종가 포기김치 2.3kg', '김치', 'N', '21900', '국내산', 45),
('비비고 묵은지 900g', '김치', 'N', '13900', '국내산', 45),
('조선호텔김치 묵은지 1kg', '김치', 'N', '31500', '국내산', 45),
('풀무원 소가 부드러운 찌개두부 300g', '두부', 'N', '1600', '국내산', 45),
('청정원 올리고당 1.2kg', '올리고당', 'N', '4980', '국내산', 45),
('오뚜기 양조식초 900mL', '식초', 'N', '1860', '국내산', 45),
('오뚜기 사과식초 900mL', '식초', 'N', '3280', '국내산', 45),
('당도선별 성주 참외 1.5kg', '참외', 'N', 13410, '국내산', 54),
('성주 꼬마 참외 900g', '참외', 'N', 10900, '국내산', 64),
('당도선별 성주 참외 1.2kg', '참외', 'N', 12900, '국내산', 22),
('유기농 참외 1kg', '참외', 'Y', 15900, '국내산', 42),
('맛좋은 햇 알뜰배 2kg', '배', 'N', 15900, '국내산', 65),
('유명산지 햇 왕 배 2kg', '배', 'N', 20900, '국내산', 76),
('황금배 1kg', '배', 'N', 13900, '국내산', 35),
('유기농 배 1.5kg', '배', 'Y', 18900, '국내산', 55),
('추희 자두 1.2kg', '자두', 'N', 14900, '국내산', 51),
('제주 하우스 감귤 1kg', '귤', 'N', 13900, '국내산', 51),
('당도선별 GAP 하우스 감귤 1kg', '귤', 'N', 12900, '국내산', 80),
('당도선별 GAP 하우스 감귤 500g', '귤', 'N', 7990, '국내산', 49),
('25년 햇 무농약 연근 2종', '연근', 'Y', 6990, '국내산', 58),
('25년 햇 연근채 300g', '연근', 'N', 4990, '국내산', 31),
('당도선별 수박, 5kg이상, 1개', '수박', 'N', 19990, '국내산', 52),
('당도선별 수박, 6kg이상, 1개', '수박', 'N', 25450, '국내산', 25),
('아이스 홍시 600g', '홍시', 'N', 10900, '국내산', 79),
('쫀득한 분식점맛 찰순대', '순대', 'N', 3700, '국내산', 59),
('국내산 소고기 절단 국거리용 200g', '소고기', 'N', 7298, '국내산', 44),
('미국산 소고기 특수목살 차돌박이 구이용 200g', '소고기', 'N', 11690, '미국산', 74),
('소고기 다짐육 200g', '소고기', 'N', 7490, '국내산', 30),
('미국산 소고기 특수목살 안심 스테이크 250g', '소고기', 'N', 10498, '미국산', 69),
('1+ 한우 암소 국거리 200g', '소고기', 'N', 11910, '국내산', 75),
('소고기 양지 국거리용 200g 2종', '소고기', 'N', 9900, '국내산', 70),
('미국산 소고기 부채살 구이용 300g', '소고기', 'N', 9990, '미국산', 62),
('부채살 소고기 & 돼지고기 목심/삼겹살 구이용 골라담기', '소고기', 'N', 16990, '수입산', 61),
('국내산 소고기 등심 구이용 200g', '소고기', 'N', 10927, '국내산', 57),
('호주산 양고기 골라담기', '양고기', 'N', 9200, '호주산', 45),
('호주산 양 어깻살 큐브 300g', '양고기', 'N', 10100, '호주산', 28),
('샘표 소면 500g', '면', 'Y', '2250', '국내산', 34),
('천일식품 사누끼 우동면 1팩 5개입', '면', 'N', '4500', '국내산', 67),
('초당 옥수수 노랑이 5입', '옥수수', 'Y', '13900', '국내산', 97),
('아보카도 1개', '아보카도', 'Y', '2490', '페루', 76),
('아라찬 국산 제철 낙지 350g', '해산물', 'N', '19800', '국내산', 67),
('국산 볶은 땅콩 200g', '땅콩', 'Y', '10900', '국내산', 54),
('백설 물엿 1.2kg', '사과', 'N', '4000', '국내산', 23),
('하인즈 토마토 케찹 650g', '사과', 'N', '5980', '네덜란드', 54),
('하인즈 굿 마요네즈 295ml', '사과', 'N', '4600', '네덜란드', 54),
('하인즈 옐로우 머스타드 396g', '사과', 'N', '5780', '네덜란드', 54),
('종가 파김치 300g', '김치', 'Y', '10890', '국내산', 50),
('비비고 파김치 300g', '김치', 'Y', '10900', '국내산', 50),
('블루보틀 블렌드 원두', '원두', 'N', '22500', '에티오피아산', 50),
('햇반 백미밥 210g*24입', '밥', 'N', '28900', '국내산', 50),
('오설록 유기농 가루녹차 40g', '녹차', 'Y', '10000', '국내산', 50),
('파미고 엑스트라 버진 올리브 오일 500ml', '올리브오일', 'N', '18900', '스페인산', 50),
('오뗄블랙라벨 전지 베이컨 200g', '베이컨', 'N', '3990', '스페인산', 50),
('국내산 청도미나리 200g', '미나리', 'Y', '4730', '국내산', 50),
('할매정육점 국내산 육회 300g', '육회', 'N', '15000', '국내산', 50),
('참소스 과일품은 참소스 300g', '참소스', 'N', '3000', '이스라엘산', 50),
('보물섬 국산 가리비살 200g', '가리비', 'N', '7500', '국내산', 50),
('한성 와일드 크래미 360g', '맛살', 'N', '5600', '미국산', 50),
('사조대림 오양 맛살 500g', '맛살', 'N', '3880', '미국산', 50),
('내츄럴스파이스 월계수잎 15g', '월계수잎', 'N', '2980', '튀르키예산', 50),
('광천김 재래 도시락 김 4g x 16봉', '김', 'N', '5900', '국내산', 50),
('광천김 이모카세 김자반 50g', '김', 'N', '2490', '국내산', 50),
('해표 식용유 900mL', '식용유', 'N', '4480', '국내산', 50),
('해표 카놀라유 900mL', '식용유', 'N', '4920', '국내산', 50),
('고구마 순(적순) 200g', '고구마줄기', 'N', '4990', '국내산', 50),
('센푸드 슬라이스드 오이피클 500g', '식용유', 'N', '3500', '국내산', 50),
('해찬들 100% 태양초 우리쌀 고추장 500g', '고추장', 'N', '8500', '국내산', 50),
('비비드키친 저당 볶음 고추장 300g', '고추장', 'N', '6980', '국내산', 50),
('오뚜기 옛날 자른 당면 300g', '당면', 'N', '6190', '국내산', 50),
('오뚜기 옛날 납작당면 100g', '당면', 'N', '4160', '국내산', 50),
('동물복지 닭 볶음탕용 1kg', '닭고기', 'N', '9290', '국내산', 50),
('하림 닭 삼계탕용 600g', '닭고기', 'N', '6300', '국내산', 50),
('펩시 콜라 1.25L', '탄산음료', 'N', '3280', '국내산', 50),
('코카 콜라 1.25L', '탄산음료', 'N', '3280', '국내산', 50),
('롯데 칠성 사이다 1.25L', '탄산음료', 'N', '3480', '국내산', 50);

SELECT COUNT(DISTINCT item) AS category_items FROM category_tbl;


-- product_tbl에는 있지만 stock_tbl에는 없는 상품 찾기
SELECT p.product
FROM product_tbl p
LEFT JOIN stock_tbl s ON p.product = s.product
WHERE s.product IS NULL;

-- --------------------------
-- 재고 (stock_tbl)
-- --------------------------
INSERT INTO stock_tbl (product, stock)
SELECT product, FLOOR(20 + (RAND() * 130))  -- 20~150 사이 랜덤
FROM product_tbl;

-- --------------------------
-- FAQ
-- --------------------------
INSERT INTO faq_tbl (question, answer, faq_category) VALUES
('배송은 언제 오나요?', '주문 후 1-2일 내에 배송됩니다. 신선식품 특성상 당일배송도 가능합니다.', '배송'),
('배송은 얼마나 걸리나요?', '일반적으로 주문 후 1-2일 내 배송됩니다. 제주/도서산간 지역은 추가 1-2일이 소요될 수 있습니다.', '배송'),
('유기농 인증은 어떻게 확인하나요?', '모든 유기농 상품은 국가 인증마크가 있으며, 상품 상세페이지에서 인증서를 확인하실 수 있습니다.', '상품'),
('반품/교환은 어떻게 하나요?', '신선식품 특성상 단순변심 반품은 어렵지만, 상품 불량 시 즉시 교환 가능합니다.', '교환/반품'),
('환불은 어떻게 하나요?', '구매일로부터 7일 이내에 고객센터로 연락주시면 환불 처리가 가능합니다. 신선식품 특성상 개봉하지 않은 상품에 한합니다.', '환불'),
('배송비는 얼마인가요?', '3만원 이상 구매 시 무료배송, 미만 시 3,000원의 배송비가 부과됩니다.', '배송'),
('알레르기 정보는 어디서 확인하나요?', '각 상품 상세페이지에 알레르기 유발요소가 명시되어 있습니다.', '상품'),
('신선도는 어떻게 보장하나요?', '수확 후 24시간 내 배송하며, 콜드체인 시스템으로 신선도를 유지합니다.', '상품'),
('주문 취소는 어떻게 하나요?', '배송 전까지는 마이페이지에서 취소 가능하며, 이후에는 고객센터로 문의주세요.', '주문'),
('회원가입 혜택이 있나요?', '신규 회원 10% 할인쿠폰과 등급별 적립금 혜택을 제공합니다.', '회원');

-- --------------------------
-- 사용자 로그
-- --------------------------
INSERT INTO userlog_tbl (log_id, user_id, log_time) VALUES
('log001', 'user001', '2024-09-02 09:30:00'),
('log002', 'user002', '2024-09-02 14:20:00'),
('log003', 'user003', '2024-09-02 11:45:00'),
('log004', 'anonymous', '2024-09-02 16:10:00'),
('log005', 'user004', '2024-09-02 08:55:00');

-- --------------------------
-- 대화 히스토리
-- --------------------------
INSERT INTO history_tbl (history_id, log_id, message_text, role, created_time) VALUES
('hist001', 'log001', '안녕하세요! 신선한 사과를 찾고 있어요', 'user', '2024-09-02 09:30:15'),
('hist002', 'log001', '안녕하세요! 햇 홍로사과 1.3kg 봉을 추천드려요. 1kg당 3,000원입니다.', 'bot', '2024-09-02 09:30:20'),
('hist003', 'log001', '좋네요! 2kg 주문하고 싶어요', 'user', '2024-09-02 09:31:00'),
('hist004', 'log002', '유기농 채소 추천해주세요', 'user', '2024-09-02 14:20:10'),
('hist005', 'log002', '친환경 로메인 상추와 햇 당근을 추천드려요. 신선하고 영양가가 높습니다!', 'bot', '2024-09-02 14:20:15');

INSERT INTO order_tbl (
  order_code, user_id, order_date, total_price, order_status, subtotal, discount_amount, shipping_fee, membership_tier_at_checkout
) VALUES
(1001,'user001','2024-09-02', 5400,'completed',6000, 600, 0,(SELECT COALESCE(d.membership,'BASIC') FROM user_detail_tbl d WHERE d.user_id='user001' LIMIT 1)),
(1002,'user002','2024-09-02', 8400,'pending', 6000, 600, 3000,(SELECT COALESCE(d.membership,'BASIC') FROM user_detail_tbl d WHERE d.user_id='user002' LIMIT 1)),
(1003,'user003','2024-09-02',13500,'shipped',15000, 1500, 0, (SELECT COALESCE(d.membership,'BASIC') FROM user_detail_tbl d WHERE d.user_id='user003' LIMIT 1));

-- --------------------------
-- 주문 상세
-- --------------------------
INSERT INTO order_detail_tbl (order_code, product, quantity, price) VALUES
(1001, '유기농 사과 1kg', '2', '6000'),
(1002, '브로콜리 400g 1송이', '1', '3500'),
(1003, '연어 300g', '1', '25000');

-- --------------------------
-- 초기 채팅 세션
-- --------------------------
INSERT INTO chat_sessions (session_id, user_id, status) VALUES
('demo_session_001', 'user001', 'active'),
('demo_session_002', 'anonymous', 'active');
